{"cameraMode":{"drawMode":0,"name":"Shaded","section":"Shading Mode"},"sceneLighting":false,"audioPlay":false,"sceneViewState":{"showFog":true,"showMaterialUpdate":false,"showSkybox":false,"showFlares":true,"showImageEffects":true,"showParticleSystems":true},"in2DMode":false,"pivot":{"x":-2.683370590209961,"y":0.012035965919494629,"z":11.359670639038086},"rotation":{"x":-0.024075716733932496,"y":0.13841301202774049,"z":-0.0033729763235896827,"w":-0.9901219606399536},"size":8.57125473022461,"orthographic":false}