{"cameraMode":{"drawMode":0,"name":"Shaded","section":"Shading Mode"},"sceneLighting":true,"audioPlay":false,"sceneViewState":{"showFog":true,"showMaterialUpdate":false,"showSkybox":true,"showFlares":true,"showImageEffects":true,"showParticleSystems":true},"in2DMode":false,"pivot":{"x":138.63409423828126,"y":25.365257263183595,"z":95.1339340209961},"rotation":{"x":-0.022344347089529039,"y":0.9496453404426575,"z":-0.06933970004320145,"w":-0.305039644241333},"size":131.50302124023438,"orthographic":false}