{"cameraMode":{"drawMode":0,"name":"Shaded","section":"Shading Mode"},"sceneLighting":false,"audioPlay":false,"sceneViewState":{"showFog":true,"showMaterialUpdate":false,"showSkybox":false,"showFlares":true,"showImageEffects":true,"showParticleSystems":true},"in2DMode":false,"pivot":{"x":-0.11023786664009094,"y":0.02294009178876877,"z":-0.043119966983795169},"rotation":{"x":0.04388653486967087,"y":-0.8418759703636169,"z":0.06905809044837952,"w":0.5335726141929627},"size":0.1282341629266739,"orthographic":false}