{"cameraMode":{"drawMode":0,"name":"Shaded","section":"Shading Mode"},"sceneLighting":false,"audioPlay":false,"sceneViewState":{"showFog":true,"showMaterialUpdate":false,"showSkybox":false,"showFlares":true,"showImageEffects":true,"showParticleSystems":true},"in2DMode":false,"pivot":{"x":-0.0000010728836059570313,"y":0.0006669759750366211,"z":-0.0005928277969360352},"rotation":{"x":-0.4868612587451935,"y":0.004973376635462046,"z":-0.002772354753687978,"w":-0.8734615445137024},"size":3.0328731536865236,"orthographic":false}