{"cameraMode":{"drawMode":0,"name":"Shaded","section":"Shading Mode"},"sceneLighting":false,"audioPlay":false,"sceneViewState":{"showFog":true,"showMaterialUpdate":false,"showSkybox":false,"showFlares":true,"showImageEffects":true,"showParticleSystems":true},"in2DMode":false,"pivot":{"x":22.25340461730957,"y":-1.5416477918624879,"z":-6.4802985191345219},"rotation":{"x":-0.022852791473269464,"y":-0.7811785936355591,"z":0.02859627828001976,"w":-0.6233415603637695},"size":18.93255043029785,"orthographic":false}