{"cameraMode":{"drawMode":0,"name":"Shaded","section":"Shading Mode"},"sceneLighting":false,"audioPlay":false,"sceneViewState":{"showFog":true,"showMaterialUpdate":false,"showSkybox":false,"showFlares":true,"showImageEffects":true,"showParticleSystems":true},"in2DMode":false,"pivot":{"x":6.4239115715026859,"y":-0.9649555087089539,"z":-1.9636104106903077},"rotation":{"x":-0.06561428308486939,"y":-0.8283280730247498,"z":0.09943825751543045,"w":-0.547572672367096},"size":7.504215240478516,"orthographic":false}