{"cameraMode":{"drawMode":0,"name":"Shaded","section":"Shading Mode"},"sceneLighting":false,"audioPlay":false,"sceneViewState":{"showFog":true,"showMaterialUpdate":false,"showSkybox":false,"showFlares":true,"showImageEffects":true,"showParticleSystems":true},"in2DMode":false,"pivot":{"x":-0.06284141540527344,"y":0.29000842571258547,"z":1.7755824327468873},"rotation":{"x":0.0007817417499609292,"y":0.9992122054100037,"z":-0.030294982716441156,"w":0.025786252692341806},"size":0.9121859073638916,"orthographic":false}